candidate_name,status,official_host_events_exact_fragment,notes
Climate Group,official_host_name,33,Appears as official host fragment on 33 event(s); not automatically a prospect.
Holland Bikes,official_host_name,10,Appears as official host fragment on 10 event(s); not automatically a prospect.
Queens Public Library,official_host_name,24,Appears as official host fragment on 24 event(s); not automatically a prospect.
Solutions House,official_host_name,23,Appears as official host fragment on 23 event(s); not automatically a prospect.
Food Tank,official_host_name,13,Appears as official host fragment on 13 event(s); not automatically a prospect.
Waterfront Alliance,official_host_name,12,Appears as official host fragment on 12 event(s); not automatically a prospect.
XPRIZE Foundation,official_host_name,7,Appears as official host fragment on 7 event(s); not automatically a prospect.
Crux Alliance,has_corrected_profile,7,See company-research.csv
Holes in the Wall Collective,official_host_name,10,Appears as official host fragment on 10 event(s); not automatically a prospect.
City Harvest,official_host_name,6,Appears as official host fragment on 6 event(s); not automatically a prospect.
Climate Cafe NYC,official_host_name,9,Appears as official host fragment on 9 event(s); not automatically a prospect.
Flood Sensor Aunty,official_host_name,4,Appears as official host fragment on 4 event(s); not automatically a prospect.
Southern Environmental Law Center,official_host_name,5,Appears as official host fragment on 5 event(s); not automatically a prospect.
Sustaining All Life,official_host_name,15,Appears as official host fragment on 15 event(s); not automatically a prospect.
The International Council on Clean Transportation,official_host_name,3,Appears as official host fragment on 3 event(s); not automatically a prospect.
ACT Group,official_host_name,3,Appears as official host fragment on 3 event(s); not automatically a prospect.
Building Energy Exchange,official_host_name,4,Appears as official host fragment on 4 event(s); not automatically a prospect.
Business Council for Sustainable Energy,official_host_name,2,Appears as official host fragment on 2 event(s); not automatically a prospect.
C2ES,official_host_name,1,Appears as official host fragment on 1 event(s); not automatically a prospect.
CMCC Foundation,official_host_name,4,Appears as official host fragment on 4 event(s); not automatically a prospect.
CleanMax,official_host_name,2,Appears as official host fragment on 2 event(s); not automatically a prospect.
Climate Imaginarium,official_host_name,8,Appears as official host fragment on 8 event(s); not automatically a prospect.
Energy,generic_token_not_an_entity,0,Too generic to treat as an organization.
Fordham University,official_host_name,3,Appears as official host fragment on 3 event(s); not automatically a prospect.
Moms Clean Air Force,official_host_name,2,Appears as official host fragment on 2 event(s); not automatically a prospect.
Parking Reform Network,official_host_name,3,Appears as official host fragment on 3 event(s); not automatically a prospect.
PlanetHAUS,official_host_name,2,Appears as official host fragment on 2 event(s); not automatically a prospect.
Rise & Shine Foundation,unresolved_name,0,Name only; original typed JSON with roles was not in this packet.
STX Group,has_corrected_profile,2,See company-research.csv
Sun Valley Forum,official_host_name,2,Appears as official host fragment on 2 event(s); not automatically a prospect.
United Nations Foundation,official_host_name,2,Appears as official host fragment on 2 event(s); not automatically a prospect.
Whole Foods Market,official_host_name,2,Appears as official host fragment on 2 event(s); not automatically a prospect.
the Planetary Health Alliance,official_host_name,2,Appears as official host fragment on 2 event(s); not automatically a prospect.
1.5°Climate,official_host_name,1,Appears as official host fragment on 1 event(s); not automatically a prospect.
3FWILD,official_host_name,1,Appears as official host fragment on 1 event(s); not automatically a prospect.
AECOM,official_host_name,1,Appears as official host fragment on 1 event(s); not automatically a prospect.
AECOM Advisory,official_host_name,1,Appears as official host fragment on 1 event(s); not automatically a prospect.
AIANY Committee on the Environment (COTE),official_host_name,1,Appears as official host fragment on 1 event(s); not automatically a prospect.
AICPA,official_host_name,1,Appears as official host fragment on 1 event(s); not automatically a prospect.
Accion International,official_host_name,1,Appears as official host fragment on 1 event(s); not automatically a prospect.
Accounting for Sustainability (A4S),official_host_name,1,Appears as official host fragment on 1 event(s); not automatically a prospect.
Action for Sustainable Development,unresolved_name,0,Name only; original typed JSON with roles was not in this packet.
Adapt Equity,unresolved_name,0,Name only; original typed JSON with roles was not in this packet.
Advanced Energy Group,official_host_name,2,Appears as official host fragment on 2 event(s); not automatically a prospect.
Aga Khan Foundation USA | Waterfront Alliance | Open House New York,official_host_name,1,Appears as official host fragment on 1 event(s); not automatically a prospect.
Alaska Wilderness League,official_host_name,1,Appears as official host fragment on 1 event(s); not automatically a prospect.
Alliance of Bioversity International & CIAT,unresolved_name,0,Name only; original typed JSON with roles was not in this packet.
Ambrook,has_corrected_profile,2,See company-research.csv
American Farmland Trust,official_host_name,1,Appears as official host fragment on 1 event(s); not automatically a prospect.
American Forests,official_host_name,2,Appears as official host fragment on 2 event(s); not automatically a prospect.
American Planning Association NY Metro Chapter's Environment,official_host_name,1,Appears as official host fragment on 1 event(s); not automatically a prospect.
American South Asian Network (ASAN),official_host_name,1,Appears as official host fragment on 1 event(s); not automatically a prospect.
Amy Lee Flower,official_host_name,1,Appears as official host fragment on 1 event(s); not automatically a prospect.
Aquatic Foods (SAAF),official_host_name,1,Appears as official host fragment on 1 event(s); not automatically a prospect.
Arbor Day Foundation,official_host_name,2,Appears as official host fragment on 2 event(s); not automatically a prospect.
Artichoke Dance Company,unresolved_name,0,Name only; original typed JSON with roles was not in this packet.
Article One,official_host_name,1,Appears as official host fragment on 1 event(s); not automatically a prospect.
Ashurst Perkins Coie x Avalanche Energy x Idemitsu Americas Holdings Corporation,official_host_name,1,Appears as official host fragment on 1 event(s); not automatically a prospect.
Avina Foundation,official_host_name,1,Appears as official host fragment on 1 event(s); not automatically a prospect.
Battery Park City Authority,official_host_name,6,Appears as official host fragment on 6 event(s); not automatically a prospect.
Ben Tumin (Skipped History),official_host_name,1,Appears as official host fragment on 1 event(s); not automatically a prospect.
Bezos Earth Fund,official_host_name,1,Appears as official host fragment on 1 event(s); not automatically a prospect.
Big Reuse at Queens Public Library (QPL),official_host_name,1,Appears as official host fragment on 1 event(s); not automatically a prospect.
Blackhorn Ventures,official_host_name,1,Appears as official host fragment on 1 event(s); not automatically a prospect.
Bracewell LLP,official_host_name,1,Appears as official host fragment on 1 event(s); not automatically a prospect.
Brand Singapore led by the Ministry of Trade & Industry of Singapore (MTI),unresolved_name,0,Name only; original typed JSON with roles was not in this packet.
Bridge Green Upcycle,official_host_name,1,Appears as official host fragment on 1 event(s); not automatically a prospect.
Broadscale Group,official_host_name,1,Appears as official host fragment on 1 event(s); not automatically a prospect.
Broadway Climate Summit,official_host_name,1,Appears as official host fragment on 1 event(s); not automatically a prospect.
Broadway Green Alliance,unresolved_name,0,Name only; original typed JSON with roles was not in this packet.
Broadway Mall Association,official_host_name,1,Appears as official host fragment on 1 event(s); not automatically a prospect.
Bronx River Alliance,official_host_name,2,Appears as official host fragment on 2 event(s); not automatically a prospect.
Business Iceland,official_host_name,1,Appears as official host fragment on 1 event(s); not automatically a prospect.
C40,official_host_name,1,Appears as official host fragment on 1 event(s); not automatically a prospect.
CEART,unresolved_name,0,Name only; original typed JSON with roles was not in this packet.
CGIAR Sustainable Animal,official_host_name,1,Appears as official host fragment on 1 event(s); not automatically a prospect.
CIMA,official_host_name,1,Appears as official host fragment on 1 event(s); not automatically a prospect.
CLASP,official_host_name,2,Appears as official host fragment on 2 event(s); not automatically a prospect.
CRS,official_host_name,1,Appears as official host fragment on 1 event(s); not automatically a prospect.
CUE Art,official_host_name,2,Appears as official host fragment on 2 event(s); not automatically a prospect.
California Governor’s Office of Land Use,official_host_name,1,Appears as official host fragment on 1 event(s); not automatically a prospect.
California Sustainable Winegrowing Alliance & California Wines,unresolved_name,0,Name only; original typed JSON with roles was not in this packet.
Camille Tagle,official_host_name,1,Appears as official host fragment on 1 event(s); not automatically a prospect.
Campus Deep Tech & NY Tech Alliance,unresolved_name,0,Name only; original typed JSON with roles was not in this packet.
Can Manufacturers Institute,official_host_name,1,Appears as official host fragment on 1 event(s); not automatically a prospect.
Canary Media,official_host_name,1,Appears as official host fragment on 1 event(s); not automatically a prospect.
Castle Hill YMCA,official_host_name,1,Appears as official host fragment on 1 event(s); not automatically a prospect.
Center for Climate Integrity,official_host_name,1,Appears as official host fragment on 1 event(s); not automatically a prospect.
Center for Earth Ethics,official_host_name,1,Appears as official host fragment on 1 event(s); not automatically a prospect.
Center for Resource Solutions  |  NERA,official_host_name,1,Appears as official host fragment on 1 event(s); not automatically a prospect.
Center for Sustainable Urban Development,official_host_name,1,Appears as official host fragment on 1 event(s); not automatically a prospect.
Circular Supply Chain Network,official_host_name,2,Appears as official host fragment on 2 event(s); not automatically a prospect.
City Parks Foundation & LymeLnk,unresolved_name,0,Name only; original typed JSON with roles was not in this packet.
CleanCapital,official_host_name,1,Appears as official host fragment on 1 event(s); not automatically a prospect.
Clim-Eat & Laurie M. Tisch Center for Food,unresolved_name,0,Name only; original typed JSON with roles was not in this packet.
Climate Central,official_host_name,1,Appears as official host fragment on 1 event(s); not automatically a prospect.
Climate Film Festival,official_host_name,2,Appears as official host fragment on 2 event(s); not automatically a prospect.
Climate Futures Studio,official_host_name,1,Appears as official host fragment on 1 event(s); not automatically a prospect.
Climate Imaginarium & Climate Psychology Alliance of North America,unresolved_name,0,Name only; original typed JSON with roles was not in this packet.
Climate Innovation (LCI),official_host_name,1,Appears as official host fragment on 1 event(s); not automatically a prospect.
Climate Network,unresolved_name,0,Name only; original typed JSON with roles was not in this packet.
Climate Salon,official_host_name,1,Appears as official host fragment on 1 event(s); not automatically a prospect.
Climate Town & Drilled Media,unresolved_name,0,Name only; original typed JSON with roles was not in this packet.
ClimateHaven's Water Innovation Hub,official_host_name,1,Appears as official host fragment on 1 event(s); not automatically a prospect.
Co-Founder,official_host_name,1,Appears as official host fragment on 1 event(s); not automatically a prospect.
Columbia Climate School,official_host_name,4,Appears as official host fragment on 4 event(s); not automatically a prospect.
Columbia Climate School & Center on Global Energy Policy,unresolved_name,0,Name only; original typed JSON with roles was not in this packet.
Community Climate Hub (formerly Zero Waste NYC),official_host_name,1,Appears as official host fragment on 1 event(s); not automatically a prospect.
ConcreteZero,official_host_name,1,Appears as official host fragment on 1 event(s); not automatically a prospect.
Coney Island Creek International Coastal Clean-up Coalition,official_host_name,1,Appears as official host fragment on 1 event(s); not automatically a prospect.
Consulate General of Denmark in New York,official_host_name,1,Appears as official host fragment on 1 event(s); not automatically a prospect.
CookUnity,official_host_name,1,Appears as official host fragment on 1 event(s); not automatically a prospect.
Copenhagen Capacity,official_host_name,1,Appears as official host fragment on 1 event(s); not automatically a prospect.
Cornell Atkinson Center for Sustainability,official_host_name,6,Appears as official host fragment on 6 event(s); not automatically a prospect.
Cornell SC Johnson College of Business,official_host_name,1,Appears as official host fragment on 1 event(s); not automatically a prospect.
Cornell University's New York State Water Resources Institute,official_host_name,1,Appears as official host fragment on 1 event(s); not automatically a prospect.
Creative Enterprise Leadership,official_host_name,1,Appears as official host fragment on 1 event(s); not automatically a prospect.
DC Environmental Film Festival,official_host_name,1,Appears as official host fragment on 1 event(s); not automatically a prospect.
DEPLOY,official_host_name,2,Appears as official host fragment on 2 event(s); not automatically a prospect.
Dartmouth Climate Collaborative,official_host_name,2,Appears as official host fragment on 2 event(s); not automatically a prospect.
Dartmouth Climate Collaborative & Sustainability Office,unresolved_name,0,Name only; original typed JSON with roles was not in this packet.
Data & Society,unresolved_name,0,Name only; original typed JSON with roles was not in this packet.
Datamaran,has_corrected_profile,1,See company-research.csv
David Canassa Strategy & Advisory,unresolved_name,0,Name only; original typed JSON with roles was not in this packet.
Department of Environmental Conservation (DEC) at Queens Public Library (QPL),official_host_name,2,Appears as official host fragment on 2 event(s); not automatically a prospect.
Depaul International,official_host_name,1,Appears as official host fragment on 1 event(s); not automatically a prospect.
Diestel Family Ranch,official_host_name,1,Appears as official host fragment on 1 event(s); not automatically a prospect.
Director of Youth Leadership &amp,unresolved_name,0,Name only; original typed JSON with roles was not in this packet.
Dr. Neha Arora,official_host_name,1,Appears as official host fragment on 1 event(s); not automatically a prospect.
ECOncrete,official_host_name,1,Appears as official host fragment on 1 event(s); not automatically a prospect.
ERM,official_host_name,1,Appears as official host fragment on 1 event(s); not automatically a prospect.
Earth Finance,official_host_name,1,Appears as official host fragment on 1 event(s); not automatically a prospect.
Earthshare,official_host_name,1,Appears as official host fragment on 1 event(s); not automatically a prospect.
Eccon Soluções Ambientais,official_host_name,1,Appears as official host fragment on 1 event(s); not automatically a prospect.
EcoAge,official_host_name,1,Appears as official host fragment on 1 event(s); not automatically a prospect.
Education,generic_token_not_an_entity,0,Too generic to treat as an organization.
Elena Adasheva,official_host_name,1,Appears as official host fragment on 1 event(s); not automatically a prospect.
Empire State Realty Trust,official_host_name,1,Appears as official host fragment on 1 event(s); not automatically a prospect.
Energy Economic Development Corporation,official_host_name,1,Appears as official host fragment on 1 event(s); not automatically a prospect.
EnergyHub,official_host_name,2,Appears as official host fragment on 2 event(s); not automatically a prospect.
EnergyTag,official_host_name,1,Appears as official host fragment on 1 event(s); not automatically a prospect.
Entertainment Network (SEEN) at Columbia's Climate School,unresolved_name,0,Name only; original typed JSON with roles was not in this packet.
Environment,generic_token_not_an_entity,0,Too generic to treat as an organization.
Environmental Advocates NY,official_host_name,1,Appears as official host fragment on 1 event(s); not automatically a prospect.
Fashion,generic_token_not_an_entity,0,Too generic to treat as an organization.
Fed by Blue,official_host_name,1,Appears as official host fragment on 1 event(s); not automatically a prospect.
Fetzer Institute's Environment Collaborative,official_host_name,1,Appears as official host fragment on 1 event(s); not automatically a prospect.
Finance for the Future,official_host_name,1,Appears as official host fragment on 1 event(s); not automatically a prospect.
Fishbear Studios,official_host_name,1,Appears as official host fragment on 1 event(s); not automatically a prospect.
Food,generic_token_not_an_entity,0,Too generic to treat as an organization.
Food Systems Lab (J-WAFS) at MIT,official_host_name,1,Appears as official host fragment on 1 event(s); not automatically a prospect.
Football for future,official_host_name,2,Appears as official host fragment on 2 event(s); not automatically a prospect.
Forum Energii,official_host_name,1,Appears as official host fragment on 1 event(s); not automatically a prospect.
Frankfurt Kurnit,official_host_name,1,Appears as official host fragment on 1 event(s); not automatically a prospect.
Friends of the Earth,official_host_name,2,Appears as official host fragment on 2 event(s); not automatically a prospect.
Funders for Regenerative Agriculture,official_host_name,1,Appears as official host fragment on 1 event(s); not automatically a prospect.
Fusion Industry Association & CBRE,unresolved_name,0,Name only; original typed JSON with roles was not in this packet.
Futerra,official_host_name,1,Appears as official host fragment on 1 event(s); not automatically a prospect.
Future Food Institute,official_host_name,5,Appears as official host fragment on 5 event(s); not automatically a prospect.
GBPN,unresolved_name,0,Name only; original typed JSON with roles was not in this packet.
GBTA Foundation,official_host_name,1,Appears as official host fragment on 1 event(s); not automatically a prospect.
GRACE Communications Foundation,official_host_name,1,Appears as official host fragment on 1 event(s); not automatically a prospect.
Genus,official_host_name,1,Appears as official host fragment on 1 event(s); not automatically a prospect.
Global ABC / ICBC,official_host_name,1,Appears as official host fragment on 1 event(s); not automatically a prospect.
Global Alliance for the Future of Food,official_host_name,1,Appears as official host fragment on 1 event(s); not automatically a prospect.
Global Dairy Platform,official_host_name,1,Appears as official host fragment on 1 event(s); not automatically a prospect.
Global Fund for a New Economy,official_host_name,1,Appears as official host fragment on 1 event(s); not automatically a prospect.
Global Grids Catalyst,official_host_name,2,Appears as official host fragment on 2 event(s); not automatically a prospect.
Globalizing,official_host_name,2,Appears as official host fragment on 2 event(s); not automatically a prospect.
Goodwin Procter,official_host_name,2,Appears as official host fragment on 2 event(s); not automatically a prospect.
Green Sports Alliance,official_host_name,1,Appears as official host fragment on 1 event(s); not automatically a prospect.
GreenPortfolio,official_host_name,1,Appears as official host fragment on 1 event(s); not automatically a prospect.
Greenpeace International,official_host_name,1,Appears as official host fragment on 1 event(s); not automatically a prospect.
Greenwashed,official_host_name,1,Appears as official host fragment on 1 event(s); not automatically a prospect.
Groundswell,unresolved_name,0,Name only; original typed JSON with roles was not in this packet.
Growald Climate Fund,unresolved_name,0,Name only; original typed JSON with roles was not in this packet.
Guardians of Flushing Bay at Queens Public Library (QPL),official_host_name,1,Appears as official host fragment on 1 event(s); not automatically a prospect.
Guidehouse,official_host_name,2,Appears as official host fragment on 2 event(s); not automatically a prospect.
H2Au.co,official_host_name,1,Appears as official host fragment on 1 event(s); not automatically a prospect.
HNTB,official_host_name,1,Appears as official host fragment on 1 event(s); not automatically a prospect.
Halter,official_host_name,1,Appears as official host fragment on 1 event(s); not automatically a prospect.
Health,generic_token_not_an_entity,0,Too generic to treat as an organization.
Health in Climate,official_host_name,1,Appears as official host fragment on 1 event(s); not automatically a prospect.
Helsinki Partners,official_host_name,1,Appears as official host fragment on 1 event(s); not automatically a prospect.
Henry Street Settlement,official_host_name,1,Appears as official host fragment on 1 event(s); not automatically a prospect.
Hollywood Climate Summit,official_host_name,1,Appears as official host fragment on 1 event(s); not automatically a prospect.
Hope Vaada Foundation,official_host_name,1,Appears as official host fragment on 1 event(s); not automatically a prospect.
Hudson Technologies,official_host_name,1,Appears as official host fragment on 1 event(s); not automatically a prospect.
Human Impacts Institute,official_host_name,12,Appears as official host fragment on 12 event(s); not automatically a prospect.
Hydro-Quebec US,unresolved_name,0,Name only; original typed JSON with roles was not in this packet.
ICF,official_host_name,1,Appears as official host fragment on 1 event(s); not automatically a prospect.
ICSI/Resilience4Ports,official_host_name,1,Appears as official host fragment on 1 event(s); not automatically a prospect.
Ibirapitanga,official_host_name,1,Appears as official host fragment on 1 event(s); not automatically a prospect.
Impact Investing Initiative,official_host_name,1,Appears as official host fragment on 1 event(s); not automatically a prospect.
ImpactARC,official_host_name,1,Appears as official host fragment on 1 event(s); not automatically a prospect.
Impax Asset Management,official_host_name,1,Appears as official host fragment on 1 event(s); not automatically a prospect.
Indigenous Climate Action,official_host_name,2,Appears as official host fragment on 2 event(s); not automatically a prospect.
Infosphere,unresolved_name,0,Name only; original typed JSON with roles was not in this packet.
Innovation,generic_token_not_an_entity,0,Too generic to treat as an organization.
Innovation Space,official_host_name,1,Appears as official host fragment on 1 event(s); not automatically a prospect.
Innovera (nonprofit fiscally sponsored by Buckminster Fuller Institute),official_host_name,1,Appears as official host fragment on 1 event(s); not automatically a prospect.
Institute for Market Transformation,official_host_name,1,Appears as official host fragment on 1 event(s); not automatically a prospect.
Institute for Progress,official_host_name,1,Appears as official host fragment on 1 event(s); not automatically a prospect.
Institute for Transportation & Development Policy,unresolved_name,0,Name only; original typed JSON with roles was not in this packet.
Institutes for Planetary Health,official_host_name,1,Appears as official host fragment on 1 event(s); not automatically a prospect.
International Aluminium Institute,official_host_name,1,Appears as official host fragment on 1 event(s); not automatically a prospect.
International Livestock Research Institute (ILRI),official_host_name,1,Appears as official host fragment on 1 event(s); not automatically a prospect.
International Network of Energy Transition Think Tanks,unresolved_name,0,Name only; original typed JSON with roles was not in this packet.
Investment (SI3) Specialization,unresolved_name,0,Name only; original typed JSON with roles was not in this packet.
Investors Circle & Microfinance,unresolved_name,0,Name only; original typed JSON with roles was not in this packet.
JLL,official_host_name,1,Appears as official host fragment on 1 event(s); not automatically a prospect.
Juliana Castaneda,official_host_name,1,Appears as official host fragment on 1 event(s); not automatically a prospect.
Jupiter Intelligence,has_corrected_profile,3,See company-research.csv
Jupiter Intelligence &amp,unresolved_name,0,Name only; original typed JSON with roles was not in this packet.
K&L Gates,unresolved_name,0,Name only; original typed JSON with roles was not in this packet.
LACI at BATWorks,official_host_name,1,Appears as official host fragment on 1 event(s); not automatically a prospect.
LC3,official_host_name,1,Appears as official host fragment on 1 event(s); not automatically a prospect.
Light Hill Collaborative,official_host_name,1,Appears as official host fragment on 1 event(s); not automatically a prospect.
Lithuania,official_host_name,1,Appears as official host fragment on 1 event(s); not automatically a prospect.
London,official_host_name,1,Appears as official host fragment on 1 event(s); not automatically a prospect.
Lonely Whale,official_host_name,1,Appears as official host fragment on 1 event(s); not automatically a prospect.
Los Angeles Cleantech Incubator (LACI),official_host_name,1,Appears as official host fragment on 1 event(s); not automatically a prospect.
Lower East Side Employment Network,official_host_name,1,Appears as official host fragment on 1 event(s); not automatically a prospect.
Lucas + Carroll,official_host_name,1,Appears as official host fragment on 1 event(s); not automatically a prospect.
Lucid Motors,official_host_name,1,Appears as official host fragment on 1 event(s); not automatically a prospect.
L’EAUTELIER,official_host_name,1,Appears as official host fragment on 1 event(s); not automatically a prospect.
MESH_ARTS in collaboration with BioBAT Art Space,official_host_name,1,Appears as official host fragment on 1 event(s); not automatically a prospect.
MIT Alumni Energy,official_host_name,1,Appears as official host fragment on 1 event(s); not automatically a prospect.
MIT Club of NY,official_host_name,1,Appears as official host fragment on 1 event(s); not automatically a prospect.
MIT Sloan Club of NY,official_host_name,1,Appears as official host fragment on 1 event(s); not automatically a prospect.
Macdoch Foundation,official_host_name,1,Appears as official host fragment on 1 event(s); not automatically a prospect.
Madison Energy Infrastructure,official_host_name,1,Appears as official host fragment on 1 event(s); not automatically a prospect.
McKnight Foundation,official_host_name,1,Appears as official host fragment on 1 event(s); not automatically a prospect.
Medical Society Consortium on Climate,official_host_name,1,Appears as official host fragment on 1 event(s); not automatically a prospect.
Metropolitan Abundance Project,official_host_name,2,Appears as official host fragment on 2 event(s); not automatically a prospect.
Michelman Robinson,official_host_name,1,Appears as official host fragment on 1 event(s); not automatically a prospect.
Milkywire,official_host_name,1,Appears as official host fragment on 1 event(s); not automatically a prospect.
Mitsubishi Electric,official_host_name,1,Appears as official host fragment on 1 event(s); not automatically a prospect.
Monarch Group,official_host_name,1,Appears as official host fragment on 1 event(s); not automatically a prospect.
Morningstar Sustainalytics,has_corrected_profile,1,See company-research.csv
Morrison Foerster,official_host_name,1,Appears as official host fragment on 1 event(s); not automatically a prospect.
Mothers Out Front,official_host_name,1,Appears as official host fragment on 1 event(s); not automatically a prospect.
Museum of the Moving Image,official_host_name,1,Appears as official host fragment on 1 event(s); not automatically a prospect.
Music Sustainability Alliance,official_host_name,1,Appears as official host fragment on 1 event(s); not automatically a prospect.
NRDC,official_host_name,3,Appears as official host fragment on 3 event(s); not automatically a prospect.
NRDC (Natural Resources Defense Council),official_host_name,1,Appears as official host fragment on 1 event(s); not automatically a prospect.
NY Climate Exchange,official_host_name,1,Appears as official host fragment on 1 event(s); not automatically a prospect.
NY Hardware Meetup,official_host_name,1,Appears as official host fragment on 1 event(s); not automatically a prospect.
NYC Department of Parks,official_host_name,3,Appears as official host fragment on 3 event(s); not automatically a prospect.
NYU Wagner Social Impact,official_host_name,1,Appears as official host fragment on 1 event(s); not automatically a prospect.
NatH2Investing.com & Stinson LLP,unresolved_name,0,Name only; original typed JSON with roles was not in this packet.
Natural Resources Defense Council,official_host_name,3,Appears as official host fragment on 3 event(s); not automatically a prospect.
Neste,official_host_name,2,Appears as official host fragment on 2 event(s); not automatically a prospect.
Nevada Clinicians for Climate Action,official_host_name,2,Appears as official host fragment on 2 event(s); not automatically a prospect.
New York Energy Democracy Alliance,official_host_name,1,Appears as official host fragment on 1 event(s); not automatically a prospect.
New York Passive House,official_host_name,1,Appears as official host fragment on 1 event(s); not automatically a prospect.
New York Sea Grant,official_host_name,1,Appears as official host fragment on 1 event(s); not automatically a prospect.
New York University,official_host_name,2,Appears as official host fragment on 2 event(s); not automatically a prospect.
New York University School of Professional Studies Center for Global Affairs,unresolved_name,0,Name only; original typed JSON with roles was not in this packet.
Nicolaas G. Pierson Foundation,official_host_name,1,Appears as official host fragment on 1 event(s); not automatically a prospect.
Novadaur,official_host_name,2,Appears as official host fragment on 2 event(s); not automatically a prospect.
O Mundo Que Queremos,official_host_name,1,Appears as official host fragment on 1 event(s); not automatically a prospect.
Ocean Visions,official_host_name,1,Appears as official host fragment on 1 event(s); not automatically a prospect.
Open Environmental Data Project,official_host_name,1,Appears as official host fragment on 1 event(s); not automatically a prospect.
Open Planet Studios,official_host_name,1,Appears as official host fragment on 1 event(s); not automatically a prospect.
Organizing),official_host_name,1,Appears as official host fragment on 1 event(s); not automatically a prospect.
Oslo & Co,unresolved_name,0,Name only; original typed JSON with roles was not in this packet.
Out for Sustainability (Out4S),official_host_name,1,Appears as official host fragment on 1 event(s); not automatically a prospect.
Oxfam,official_host_name,1,Appears as official host fragment on 1 event(s); not automatically a prospect.
Oxford University,official_host_name,1,Appears as official host fragment on 1 event(s); not automatically a prospect.
Partners,generic_token_not_an_entity,0,Too generic to treat as an organization.
Partnership for Carbon Accounting Financials (PCAF) & Deutsche Bank,unresolved_name,0,Name only; original typed JSON with roles was not in this packet.
Pensa,official_host_name,1,Appears as official host fragment on 1 event(s); not automatically a prospect.
PepsiCo,official_host_name,1,Appears as official host fragment on 1 event(s); not automatically a prospect.
Planet,generic_token_not_an_entity,0,Too generic to treat as an organization.
Planted Society,official_host_name,1,Appears as official host fragment on 1 event(s); not automatically a prospect.
Pledge 1%,official_host_name,1,Appears as official host fragment on 1 event(s); not automatically a prospect.
Policy,generic_token_not_an_entity,0,Too generic to treat as an organization.
Pratt Institute,official_host_name,2,Appears as official host fragment on 2 event(s); not automatically a prospect.
Pratt Institute Graduate Communications Design,official_host_name,1,Appears as official host fragment on 1 event(s); not automatically a prospect.
Precious Plastic NYC,official_host_name,1,Appears as official host fragment on 1 event(s); not automatically a prospect.
Project 17 Nigeria,official_host_name,1,Appears as official host fragment on 1 event(s); not automatically a prospect.
Project Everyone,official_host_name,1,Appears as official host fragment on 1 event(s); not automatically a prospect.
Protiviti,official_host_name,1,Appears as official host fragment on 1 event(s); not automatically a prospect.
Public Affairs,official_host_name,1,Appears as official host fragment on 1 event(s); not automatically a prospect.
Quinn+Partners,official_host_name,1,Appears as official host fragment on 1 event(s); not automatically a prospect.
ReNew 2030,official_host_name,1,Appears as official host fragment on 1 event(s); not automatically a prospect.
Recreation,generic_token_not_an_entity,0,Too generic to treat as an organization.
Refrigerant Emissions Elimination Forum (REEF),official_host_name,1,Appears as official host fragment on 1 event(s); not automatically a prospect.
Regional Plan Association,official_host_name,3,Appears as official host fragment on 3 event(s); not automatically a prospect.
Reproductive Health,official_host_name,1,Appears as official host fragment on 1 event(s); not automatically a prospect.
Resilient Red Hook,official_host_name,1,Appears as official host fragment on 1 event(s); not automatically a prospect.
Resource Justice Network,official_host_name,1,Appears as official host fragment on 1 event(s); not automatically a prospect.
Retro Report,official_host_name,1,Appears as official host fragment on 1 event(s); not automatically a prospect.
SDG Action Campaign,official_host_name,1,Appears as official host fragment on 1 event(s); not automatically a prospect.
SITELAB urban studio,official_host_name,1,Appears as official host fragment on 1 event(s); not automatically a prospect.
SPECTRA Super Pollutant Elimination Alliance,official_host_name,1,Appears as official host fragment on 1 event(s); not automatically a prospect.
Said Business School,official_host_name,1,Appears as official host fragment on 1 event(s); not automatically a prospect.
Save the Waves,unresolved_name,0,Name only; original typed JSON with roles was not in this packet.
School of International,official_host_name,1,Appears as official host fragment on 1 event(s); not automatically a prospect.
Seedlings Collective,official_host_name,1,Appears as official host fragment on 1 event(s); not automatically a prospect.
Shift,generic_token_not_an_entity,0,Too generic to treat as an organization.
Shirley Chisholm State Park,official_host_name,1,Appears as official host fragment on 1 event(s); not automatically a prospect.
Society for Earth Law,official_host_name,1,Appears as official host fragment on 1 event(s); not automatically a prospect.
Solidarity Center,official_host_name,2,Appears as official host fragment on 2 event(s); not automatically a prospect.
South Street Seaport Museum,official_host_name,2,Appears as official host fragment on 2 event(s); not automatically a prospect.
Southeast Sustainability Directors Network (SSDN) + New York University (NYU) Sc,unresolved_name,0,Name only; original typed JSON with roles was not in this packet.
Sponsored By: American Geophysical Union,official_host_name,1,Appears as official host fragment on 1 event(s); not automatically a prospect.
Stacks+Joules,official_host_name,1,Appears as official host fragment on 1 event(s); not automatically a prospect.
Stakeholder Forum for a Sustainable Future,official_host_name,1,Appears as official host fragment on 1 event(s); not automatically a prospect.
Stanford University Doerr School of Sustainability,official_host_name,1,Appears as official host fragment on 1 event(s); not automatically a prospect.
Stockholm Business Region,official_host_name,1,Appears as official host fragment on 1 event(s); not automatically a prospect.
Strong Roots,unresolved_name,0,Name only; original typed JSON with roles was not in this packet.
Support + Feed,official_host_name,1,Appears as official host fragment on 1 event(s); not automatically a prospect.
Surfrider Foundation,official_host_name,2,Appears as official host fragment on 2 event(s); not automatically a prospect.
Sustainability,generic_token_not_an_entity,0,Too generic to treat as an organization.
Sustainability Network (EESN),official_host_name,1,Appears as official host fragment on 1 event(s); not automatically a prospect.
Sustainability at Harvard University,official_host_name,1,Appears as official host fragment on 1 event(s); not automatically a prospect.
Sustainable Entertainment Alliance,official_host_name,1,Appears as official host fragment on 1 event(s); not automatically a prospect.
Sustainable Shipping Initiative,official_host_name,1,Appears as official host fragment on 1 event(s); not automatically a prospect.
Sylvera,official_host_name,1,Appears as official host fragment on 1 event(s); not automatically a prospect.
Systemiq,official_host_name,1,Appears as official host fragment on 1 event(s); not automatically a prospect.
Taiwan Green Energy for Charity Association (TGECA),official_host_name,1,Appears as official host fragment on 1 event(s); not automatically a prospect.
Taylor Geospatial,official_host_name,2,Appears as official host fragment on 2 event(s); not automatically a prospect.
The 5 Gyres Institute,official_host_name,2,Appears as official host fragment on 2 event(s); not automatically a prospect.
The Bee Conservancy at Queens Public Library (QPL),official_host_name,1,Appears as official host fragment on 1 event(s); not automatically a prospect.
The Circular Value Institute,official_host_name,1,Appears as official host fragment on 1 event(s); not automatically a prospect.
The Climate Chain Reaction - Founder,official_host_name,1,Appears as official host fragment on 1 event(s); not automatically a prospect.
The Climate Guys,official_host_name,1,Appears as official host fragment on 1 event(s); not automatically a prospect.
The Conference Board,official_host_name,1,Appears as official host fragment on 1 event(s); not automatically a prospect.
The Degrees Initiative,official_host_name,2,Appears as official host fragment on 2 event(s); not automatically a prospect.
The Educated Choices Program,official_host_name,1,Appears as official host fragment on 1 event(s); not automatically a prospect.
The Environmental Justice Oral History Project,official_host_name,1,Appears as official host fragment on 1 event(s); not automatically a prospect.
The Frontline Resource Institute at Environmental Defense Fund,official_host_name,1,Appears as official host fragment on 1 event(s); not automatically a prospect.
The Green Launchpad,official_host_name,1,Appears as official host fragment on 1 event(s); not automatically a prospect.
The Independent,official_host_name,1,Appears as official host fragment on 1 event(s); not automatically a prospect.
The International Foundation for the Displaced (IFD),official_host_name,1,Appears as official host fragment on 1 event(s); not automatically a prospect.
The Living Table,official_host_name,1,Appears as official host fragment on 1 event(s); not automatically a prospect.
The Nature Conservancy,official_host_name,1,Appears as official host fragment on 1 event(s); not automatically a prospect.
The Nest Campus,official_host_name,1,Appears as official host fragment on 1 event(s); not automatically a prospect.
The New York Climate Exchange,official_host_name,1,Appears as official host fragment on 1 event(s); not automatically a prospect.
The Parking Reform Network,official_host_name,4,Appears as official host fragment on 4 event(s); not automatically a prospect.
The Pulitzer Center,official_host_name,1,Appears as official host fragment on 1 event(s); not automatically a prospect.
The Rockefeller Foundation,official_host_name,1,Appears as official host fragment on 1 event(s); not automatically a prospect.
The Salata Institute for Climate,official_host_name,1,Appears as official host fragment on 1 event(s); not automatically a prospect.
The U.S. Conference of Mayors,official_host_name,1,Appears as official host fragment on 1 event(s); not automatically a prospect.
The YEARS Project,official_host_name,1,Appears as official host fragment on 1 event(s); not automatically a prospect.
Thirst Foundation,official_host_name,1,Appears as official host fragment on 1 event(s); not automatically a prospect.
Tractor Beam & BEAM,unresolved_name,0,Name only; original typed JSON with roles was not in this packet.
Trillium Asset Management,official_host_name,1,Appears as official host fragment on 1 event(s); not automatically a prospect.
U.S. Green Building Council,official_host_name,1,Appears as official host fragment on 1 event(s); not automatically a prospect.
UNEP,official_host_name,1,Appears as official host fragment on 1 event(s); not automatically a prospect.
UPROSE,official_host_name,1,Appears as official host fragment on 1 event(s); not automatically a prospect.
US Aluminum Association,official_host_name,1,Appears as official host fragment on 1 event(s); not automatically a prospect.
US Sustainable Investment Forum & Food Systems for the Future Institute (kindly,unresolved_name,0,Name only; original typed JSON with roles was not in this packet.
Union of Concerned Scientists,official_host_name,1,Appears as official host fragment on 1 event(s); not automatically a prospect.
United Nations Department of Global Communications,official_host_name,1,Appears as official host fragment on 1 event(s); not automatically a prospect.
United Nations Development Programme,official_host_name,1,Appears as official host fragment on 1 event(s); not automatically a prospect.
United Nations Environment Programme,official_host_name,1,Appears as official host fragment on 1 event(s); not automatically a prospect.
United Nations Global Compact,official_host_name,1,Appears as official host fragment on 1 event(s); not automatically a prospect.
United Nations Global Compact Network USA,official_host_name,1,Appears as official host fragment on 1 event(s); not automatically a prospect.
United Nations Office for Partnerships,official_host_name,1,Appears as official host fragment on 1 event(s); not automatically a prospect.
Urban Future Lab (UFL),official_host_name,1,Appears as official host fragment on 1 event(s); not automatically a prospect.
Urban Indigenous Collective,unresolved_name,0,Name only; original typed JSON with roles was not in this packet.
WBCSD,official_host_name,1,Appears as official host fragment on 1 event(s); not automatically a prospect.
WE ACT for Environmental Justice,official_host_name,2,Appears as official host fragment on 2 event(s); not automatically a prospect.
WICE Foundation in partnership with the Central African Forest Commission (COMIF,unresolved_name,0,Name only; original typed JSON with roles was not in this packet.
WIEGO (Women in Informal Employment,official_host_name,1,Appears as official host fragment on 1 event(s); not automatically a prospect.
WILDCOAST,official_host_name,1,Appears as official host fragment on 1 event(s); not automatically a prospect.
WXY architecture + urban design,official_host_name,1,Appears as official host fragment on 1 event(s); not automatically a prospect.
Wallet Max™,official_host_name,1,Appears as official host fragment on 1 event(s); not automatically a prospect.
Walton Family Foundation,official_host_name,1,Appears as official host fragment on 1 event(s); not automatically a prospect.
Waterfront Committees,official_host_name,1,Appears as official host fragment on 1 event(s); not automatically a prospect.
WeTheAtlas,official_host_name,1,Appears as official host fragment on 1 event(s); not automatically a prospect.
White & Case,unresolved_name,0,Name only; original typed JSON with roles was not in this packet.
Why Regenerative,official_host_name,5,Appears as official host fragment on 5 event(s); not automatically a prospect.
Wild Tomorrow,official_host_name,2,Appears as official host fragment on 2 event(s); not automatically a prospect.
Willdan Clean Energy Academy,official_host_name,1,Appears as official host fragment on 1 event(s); not automatically a prospect.
Working Horizons,official_host_name,1,Appears as official host fragment on 1 event(s); not automatically a prospect.
World Intellectual Property Organization,official_host_name,1,Appears as official host fragment on 1 event(s); not automatically a prospect.
World Wildlife Foundation,official_host_name,1,Appears as official host fragment on 1 event(s); not automatically a prospect.
World Wildlife Fund (WWF),official_host_name,1,Appears as official host fragment on 1 event(s); not automatically a prospect.
Wythe Futures,official_host_name,1,Appears as official host fragment on 1 event(s); not automatically a prospect.
Zacua Ventures,official_host_name,1,Appears as official host fragment on 1 event(s); not automatically a prospect.
featuring SpatiaFi,official_host_name,1,Appears as official host fragment on 1 event(s); not automatically a prospect.
iMasons Climate Accord,official_host_name,1,Appears as official host fragment on 1 event(s); not automatically a prospect.
the Business Council for Sustainable Energy,official_host_name,1,Appears as official host fragment on 1 event(s); not automatically a prospect.
the Carbon Leadership Forum NYC,official_host_name,1,Appears as official host fragment on 1 event(s); not automatically a prospect.
the Global Climate Change-Homelessness Network,official_host_name,1,Appears as official host fragment on 1 event(s); not automatically a prospect.
the Hopkins Population Center,official_host_name,1,Appears as official host fragment on 1 event(s); not automatically a prospect.
the NYC Mayor’s Office,official_host_name,1,Appears as official host fragment on 1 event(s); not automatically a prospect.
the New York Restoration Project,official_host_name,1,Appears as official host fragment on 1 event(s); not automatically a prospect.
the William H. Gates Sr. Institute for Population,official_host_name,1,Appears as official host fragment on 1 event(s); not automatically a prospect.
​The Abdul Latif Jameel Water,official_host_name,1,Appears as official host fragment on 1 event(s); not automatically a prospect.
50 Shades of Green,unresolved_name,0,Name only; original typed JSON with roles was not in this packet.
ASC,unresolved_name,0,Name only; original typed JSON with roles was not in this packet.
American Clean Power Association,unresolved_name,0,Name only; original typed JSON with roles was not in this packet.
Apolitical,has_corrected_profile,0,See company-research.csv
Aquaculture Stewardship Council (ASC),unresolved_name,0,Name only; original typed JSON with roles was not in this packet.
Audubon,unresolved_name,0,Name only; original typed JSON with roles was not in this packet.
BCG,unresolved_name,0,Name only; original typed JSON with roles was not in this packet.
Bloomberg New Energy Finance,has_corrected_profile,0,See company-research.csv
BlueGreen Alliance (BGA),unresolved_name,0,Name only; original typed JSON with roles was not in this packet.
Bluegreen Alliance,unresolved_name,0,Name only; original typed JSON with roles was not in this packet.
Boston Consulting Group,unresolved_name,0,Name only; original typed JSON with roles was not in this packet.
CCIP Ltd,unresolved_name,0,Name only; original typed JSON with roles was not in this packet.
Center for Climate & Security,unresolved_name,0,Name only; original typed JSON with roles was not in this packet.
Cheerful Twentyfirst,unresolved_name,0,Name only; original typed JSON with roles was not in this packet.
China Renewable Energy Industry Association,unresolved_name,0,Name only; original typed JSON with roles was not in this packet.
Clean Air Fund,unresolved_name,0,Name only; original typed JSON with roles was not in this packet.
Climate and Clean Air Coalition,unresolved_name,0,Name only; original typed JSON with roles was not in this packet.
ClimateWorks Foundation,unresolved_name,0,Name only; original typed JSON with roles was not in this packet.
CoreWeave,has_corrected_profile,0,See company-research.csv
Cornell University,official_host_name,1,Appears as official host fragment on 1 event(s); not automatically a prospect.
Daikin,unresolved_name,0,Name only; original typed JSON with roles was not in this packet.
Daikin U.S. Corporation,unresolved_name,0,Name only; original typed JSON with roles was not in this packet.
Dialogue Earth,unresolved_name,0,Name only; original typed JSON with roles was not in this packet.
Earthshot Prize,unresolved_name,0,Name only; original typed JSON with roles was not in this packet.
Elemental Impact,unresolved_name,0,Name only; original typed JSON with roles was not in this packet.
Ellen MacArthur Foundation,unresolved_name,0,Name only; original typed JSON with roles was not in this packet.
Ember,has_corrected_profile,0,See company-research.csv
Environment and Health (UNU-INWEH),unresolved_name,0,Name only; original typed JSON with roles was not in this packet.
Environmental Law Institute,unresolved_name,0,Name only; original typed JSON with roles was not in this packet.
Fair Trade USA,unresolved_name,0,Name only; original typed JSON with roles was not in this packet.
Federation of American Scientists,unresolved_name,0,Name only; original typed JSON with roles was not in this packet.
Fortescue,unresolved_name,0,Name only; original typed JSON with roles was not in this packet.
Fossil Fuel Treaty,unresolved_name,0,Name only; original typed JSON with roles was not in this packet.
French Ministry of Foreign Affairs,unresolved_name,0,Name only; original typed JSON with roles was not in this packet.
Harvard C-CHANGE,unresolved_name,0,Name only; original typed JSON with roles was not in this packet.
HiImpact,unresolved_name,0,Name only; original typed JSON with roles was not in this packet.
Hydro Quebec-1,unresolved_name,0,Name only; original typed JSON with roles was not in this packet.
IEA,unresolved_name,0,Name only; original typed JSON with roles was not in this packet.
Industrial Deep Decarbonization Initiative (IDDI),unresolved_name,0,Name only; original typed JSON with roles was not in this packet.
Italy,official_host_name,1,Appears as official host fragment on 1 event(s); not automatically a prospect.
JCDecaux,unresolved_name,0,Name only; original typed JSON with roles was not in this packet.
L'Oréal Groupe,unresolved_name,0,Name only; original typed JSON with roles was not in this packet.
LOreal Groupe,unresolved_name,0,Name only; original typed JSON with roles was not in this packet.
Maryland Department of Environment,unresolved_name,0,Name only; original typed JSON with roles was not in this packet.
NYC Tourism and Conventions,unresolved_name,0,Name only; original typed JSON with roles was not in this packet.
New York State Office of General Services,unresolved_name,0,Name only; original typed JSON with roles was not in this packet.
Newsweek,official_host_name,1,Appears as official host fragment on 1 event(s); not automatically a prospect.
Newton,unresolved_name,0,Name only; original typed JSON with roles was not in this packet.
Nike,unresolved_name,0,Name only; original typed JSON with roles was not in this packet.
PG&E,unresolved_name,0,Name only; original typed JSON with roles was not in this packet.
Pernod Ricard,unresolved_name,0,Name only; original typed JSON with roles was not in this packet.
Pfizer,unresolved_name,0,Name only; original typed JSON with roles was not in this packet.
Philanthropist,unresolved_name,0,Name only; original typed JSON with roles was not in this packet.
Polecat,has_corrected_profile,0,See company-research.csv
Port of Long Beach,unresolved_name,0,Name only; original typed JSON with roles was not in this packet.
Princeton Digital Group,unresolved_name,0,Name only; original typed JSON with roles was not in this packet.
Project Syndicate,unresolved_name,0,Name only; original typed JSON with roles was not in this packet.
ResponsibleSteel,unresolved_name,0,Name only; original typed JSON with roles was not in this packet.
Reuters,unresolved_name,0,Name only; original typed JSON with roles was not in this packet.
Reuters Plus,unresolved_name,0,Name only; original typed JSON with roles was not in this packet.
Rockwell Automation,unresolved_name,0,Name only; original typed JSON with roles was not in this packet.
Salesforce,has_corrected_profile,0,See company-research.csv
Siemens,unresolved_name,0,Name only; original typed JSON with roles was not in this packet.
Spark Climate Solutions,official_host_name,2,Appears as official host fragment on 2 event(s); not automatically a prospect.
State of California,unresolved_name,0,Name only; original typed JSON with roles was not in this packet.
Sustainable Energy for All,unresolved_name,0,Name only; original typed JSON with roles was not in this packet.
Sweden,official_host_name,1,Appears as official host fragment on 1 event(s); not automatically a prospect.
TIME,unresolved_name,0,Name only; original typed JSON with roles was not in this packet.
TNFD,unresolved_name,0,Name only; original typed JSON with roles was not in this packet.
Takeda,unresolved_name,0,Name only; original typed JSON with roles was not in this packet.
The Global Methane Hub,unresolved_name,0,Name only; original typed JSON with roles was not in this packet.
The Pew Charitable Trusts,unresolved_name,0,Name only; original typed JSON with roles was not in this packet.
Third Act,unresolved_name,0,Name only; original typed JSON with roles was not in this packet.
Three Cairns Group,unresolved_name,0,Name only; original typed JSON with roles was not in this packet.
Tilt Collective,official_host_name,1,Appears as official host fragment on 1 event(s); not automatically a prospect.
Trane Technologies,unresolved_name,0,Name only; original typed JSON with roles was not in this packet.
Trust for America’s Health,unresolved_name,0,Name only; original typed JSON with roles was not in this packet.
U.S. Senate,unresolved_name,0,Name only; original typed JSON with roles was not in this packet.
UL Solutions,has_corrected_profile,0,See company-research.csv
UNOPS,unresolved_name,0,Name only; original typed JSON with roles was not in this packet.
Unilever,unresolved_name,0,Name only; original typed JSON with roles was not in this packet.
United Nations World Food Programme,unresolved_name,0,Name only; original typed JSON with roles was not in this packet.
Voltera,has_corrected_profile,0,See company-research.csv
Wellcome Trust,unresolved_name,0,Name only; original typed JSON with roles was not in this packet.
Wood Mackenzie,has_corrected_profile,0,See company-research.csv
Zero Waste Foundation,unresolved_name,0,Name only; original typed JSON with roles was not in this packet.
